row_ref;user_id;file_id;transaction_date;amount;type;status;description;installments_remaining
TX0001;23;3.0;2023-03-13;2568.04;TED;FAILED;Supermercado;0
TX0002;49;3.0;2023-04-13;;TED;PENDING;Farmácia;0
TX0003;38;;2023-12-05;1856.35;BOLETO;COMPLETED;Restaurante;0
TX0004;16;1.0;2023-04-08;3138.07;DEBIT;PENDING;Farmácia;0
TX0005;31;2.0;2023-05-07;993.61;DEBIT;PENDING;Aluguel;0
TX0006;32;3.0;2023-09-01;3712.66;TED;;Uber;0
TX0007;43;;2023-02-23;1362.09;DEBIT;FAILED;Netflix;0
TX0008;4;;2023-04-26;3782.02;DEBIT;PENDING;Supermercado;3
TX0009;5;;2023-12-04;3805.15;DEBIT;COMPLETED;Amazon;0
TX0010;44;1.0;2023-06-13;2220.68;BOLETO;FAILED;Farmácia;0
TX0011;20;2.0;2023-06-15;4127.87;PIX;PENDING;Aluguel;0
TX0012;31;3.0;2023-04-13;4281.53;TED;FAILED;Uber;0
TX0013;5;5.0;2023-02-03;;TED;FAILED;Uber;0
TX0014;26;;2023-11-06;505.78;DEBIT;FAILED;Amazon;0
TX0015;14;4.0;25/04/2023;3519.11;BOLETO;PENDING;Restaurante;0
TX0016;1;4.0;2023-07-15;3851,02;BOLETO;COMPLETED;Farmácia;0
TX0017;17;2.0;2023-10-01;2568.41;DEBIT;COMPLETED;Aluguel;0
TX0018;44;2.0;2023-10-28;2359,3;BOLETO;FAILED;Amazon;5
TX0019;35;;2023-06-23;4081,39;BOLETO;COMPLETED;Aluguel;0
TX0020;27;1.0;2023-03-05;4704.53;CREDIT;PENDING;Supermercado;6
TX0021;20;1.0;;2155.32;BOLETO;PENDING;Restaurante;0
TX0022;19;;2023-02-02;341,9;BOLETO;COMPLETED;Supermercado;0
TX0023;10;4.0;2023-03-30;3898.48;BOLETO;COMPLETED;Posto Gasolina;0
TX0024;46;;2023-06-01;1814.24;BOLETO;FAILED;Amazon;0
TX0025;33;5.0;2023-03-24;4550.15;BOLETO;FAILED;Supermercado;0
TX0026;48;3.0;2023-10-04;4895.39;PIX;FAILED;Restaurante;0
TX0027;47;4.0;2023-07-10;1735.82;PIX;COMPLETED;Aluguel;0
TX0028;48;5.0;2023-01-06;4945.13;BOLETO;FAILED;Amazon;0
TX0029;40;1.0;2023-06-16;940.32;BOLETO;FAILED;Farmácia;0
TX0030;36;4.0;2023-08-10;3226.65;BOLETO;FAILED;Restaurante;0
TX0031;50;4.0;19-03-2023;2092.85;PIX;FAILED;Posto Gasolina;0
TX0032;43;;2023-04-26;4306,45;PIX;FAILED;Supermercado;0
TX0033;39;5.0;2023-08-26;1316.61;TED;PENDING;Uber;0
TX0034;18;;2023-11-06;2897.19;DEBIT;;Aluguel;0
TX0035;22;1.0;2023-02-01;2929.89;CREDIT;PENDING;Supermercado;6
TX0036;29;2.0;2023-05-09;1563.29;CREDIT;COMPLETED;Uber;12
TX0037;46;;2023-04-30;4555.7;TED;PENDING;Netflix;4
TX0038;2;;2023-09-26;;TED;COMPLETED;  Posto Gasolina  ;0
TX0039;35;5.0;2023-06-23;1914.05;DEBIT;FAILED;Uber;1
TX0040;17;;2023-01-19;4171.71;BOLETO;COMPLETED;Aluguel;0
TX0041;16;4.0;;270.88;DEBIT;COMPLETED;Uber;0
TX0042;27;4.0;2023-09-27;2750.44;BOLETO;FAILED;Posto Gasolina;0
TX0043;46;3.0;2023-10-29;3994.95;PIX;PENDING;Supermercado;0
TX0044;39;5.0;2023-03-12;4049,27;CREDIT;COMPLETED;Restaurante;8
TX0045;44;5.0;2023-08-06;;BOLETO;COMPLETED;Supermercado;0
TX0046;20;1.0;2023-03-01;327.22;CREDIT;COMPLETED;Amazon;1
TX0047;45;3.0;2023-12-10;947.28;DEBIT;COMPLETED;Netflix;0
TX0048;24;;2023-12-21;2111.7;CREDIT;COMPLETED;Netflix;3
TX0049;2;3.0;2023-01-23;344.44;PIX;COMPLETED;Netflix;0
TX0050;1;;2023-11-09;2622,77;CREDIT;FAILED;Supermercado;5
TX0051;29;3.0;2023-02-26;1758.41;BOLETO;FAILED;Posto Gasolina;0
TX0052;13;5.0;2023-01-29;4966.08;DEBIT;COMPLETED;Restaurante;0
TX0053;14;1.0;2023-06-04;24.61;BOLETO;FAILED;Uber;0
TX0054;22;;2023-06-14;2797.6;TED;PENDING;Uber;0
TX0055;41;1.0;2023-06-16;1130.28;CREDIT;COMPLETED;Netflix;10
TX0056;45;3.0;2023-06-04;;CREDIT;PENDING;Uber;2
TX0057;46;5.0;2023-03-19;;BOLETO;COMPLETED;Supermercado;0
TX0058;22;2.0;2023-02-16;1167.31;DEBIT;FAILED;Farmácia;5
TX0059;32;3.0;2023-12-31;951.52;DEBIT;FAILED;Posto Gasolina;0
TX0060;26;5.0;2023-03-24;782.9;CREDIT;COMPLETED;Supermercado;2
TX0061;44;;26-10-2023;4780.76;TED;PENDING;Supermercado;4
TX0062;48;4.0;2023-09-22;867.07;BOLETO;FAILED;Restaurante;0
TX0063;24;5.0;2023-11-15;1035.92;PIX;COMPLETED;Uber;0
TX0064;13;4.0;2023-03-10;4951.81;BOLETO;FAILED;Restaurante;0
TX0065;7;5.0;2023-10-24;4862.68;CREDIT;FAILED;Aluguel;2
TX0066;32;2.0;2023-10-23;1847.34;DEBIT;COMPLETED;Uber;0
TX0067;49;4.0;2023-06-04;2143.85;TED;COMPLETED;Supermercado;0
TX0068;23;5.0;;3408.01;DEBIT;COMPLETED;Netflix;0
TX0069;33;3.0;2023-08-06;2789.12;DEBIT;FAILED;Restaurante;0
TX0070;16;5.0;2023-02-12;3575.07;TED;COMPLETED;Aluguel;0
TX0071;36;3.0;2023-12-02;1157.34;DEBIT;COMPLETED;Uber;0
TX0072;42;;2023-03-13;4525.21;BOLETO;PENDING;Posto Gasolina;0
TX0073;43;2.0;2023-05-08;3743.18;BOLETO;COMPLETED;Netflix;0
TX0074;35;5.0;2023-01-26;57.25;PIX;COMPLETED;Uber;0
TX0075;46;;2023-09-25;819.51;CREDIT;FAILED;Farmácia;4
TX0076;10;1.0;2023-11-22;180.81;PIX;PENDING;Amazon;0
TX0077;24;1.0;2023-04-12;2792.08;BOLETO;PENDING;Uber;0
TX0078;2;2.0;2023-04-02;3351.97;DEBIT;PENDING;  Restaurante  ;0
TX0079;20;2.0;2023-06-12;2630.22;BOLETO;COMPLETED;Farmácia;0
TX0080;33;3.0;2023-05-30;2464.51;DEBIT;FAILED;Restaurante;0
TX0081;14;2.0;2023-02-21;140.79;PIX;COMPLETED;Aluguel;0
TX0082;26;;2023-07-21;1131.98;CREDIT;;Uber;11
TX0083;23;1.0;2023-11-04;4649.79;TED;PENDING;Netflix;0
TX0084;50;4.0;;3583,28;TED;COMPLETED;Aluguel;0
TX0085;23;2.0;2023-10-27;1506.39;BOLETO;FAILED;Netflix;0
TX0086;28;2.0;2023-06-05;2339.5;CREDIT;COMPLETED;Netflix;4
TX0087;1;4.0;2023-10-11;3018.28;CREDIT;COMPLETED;Netflix;1
TX0088;14;;2023-12-05;3368.49;CREDIT;PENDING;Amazon;5
TX0089;49;2.0;2023-06-18;2548.26;DEBIT;COMPLETED;Restaurante;0
TX0090;46;3.0;2023-07-13;1314.88;CREDIT;COMPLETED;Restaurante;10
TX0091;42;5.0;2023-08-11;3177.82;TED;COMPLETED;Posto Gasolina;0
TX0092;2;4.0;2023-02-27;1590.1;CREDIT;PENDING;Supermercado;7
TX0093;34;4.0;2023-01-25;2913.32;BOLETO;PENDING;Uber;0
TX0094;47;4.0;2023-05-11;4702.41;PIX;COMPLETED;Netflix;0
TX0095;26;5.0;2023-08-25;3197.47;CREDIT;FAILED;Netflix;2
TX0096;7;;2023-12-06;1694,92;DEBIT;FAILED;Netflix;0
TX0097;24;3.0;2023-10-06;1784.35;TED;FAILED;  Farmácia  ;0
TX0098;17;;2023-08-22;167.96;DEBIT;FAILED;Farmácia;3
TX0099;45;5.0;2023-05-12;2754.47;PIX;COMPLETED;Supermercado;1
TX0100;36;2.0;2023-03-18;453.1;TED;PENDING;Netflix;0
TX0101;19;;2023-03-24;3002.15;PIX;COMPLETED;Uber;0
TX0102;9;3.0;2023-08-26;4239.37;CREDIT;COMPLETED;Netflix;3
TX0103;46;4.0;2023-10-22;735.35;BOLETO;COMPLETED;Netflix;0
TX0104;40;1.0;2023-11-03;1737.94;TED;FAILED;Supermercado;0
TX0105;1;2.0;2023-05-04;4591.5;PIX;FAILED;Restaurante;0
TX0106;44;;2023-12-13;2981.52;BOLETO;COMPLETED;Supermercado;0
TX0107;12;3.0;2023-05-26;3312.44;PIX;PENDING;Supermercado;0
TX0108;40;4.0;;1386.9;TED;PENDING;Restaurante;0
TX0109;3;3.0;;1674,81;CREDIT;COMPLETED;Uber;8
TX0110;39;4.0;2023-02-24;4009.73;TED;PENDENTE;Aluguel;0
TX0111;15;;2023-06-16;;TED;FAILED;Farmácia;0
TX0112;38;2.0;;351.34;TED;COMPLETEDD;Farmácia;0
TX0113;27;4.0;2023-01-11;4183.95;PIX;PENDING;Posto Gasolina;0
TX0114;50;;2023-12-23;4190.18;CREDIT;PENDING;Amazon;7
TX0115;44;3.0;2023-03-17;341.52;TED;PENDING;Restaurante;0
TX0116;46;4.0;2023-06-01;277.09;BOLETO;FAILED;Netflix;0
TX0117;32;5.0;2023-12-27;2959.09;DEBIT;COMPLETED;Aluguel;0
TX0118;6;2.0;2023-07-08;3362,61;BOLETO;COMPLETEDD;Farmácia;0
TX0119;44;3.0;2023-10-13;2576.98;DEBIT;COMPLETED;Restaurante;0
TX0120;11;5.0;2023-01-08;2270,13;PIX;COMPLETED;Netflix;0
TX0121;35;4.0;2023-09-02;247.94;BOLETO;PENDING;Uber;0
TX0122;50;5.0;2023-09-11;1271.01;TED;COMPLETED;Uber;0
TX0123;43;;2023-10-09;1356.75;DEBIT;FAILED;Posto Gasolina;0
TX0124;37;;2023-06-27;4337.54;CREDIT;PENDING;Posto Gasolina;5
TX0125;23;5.0;2023-05-18;4067,97;CREDIT;COMPLETED;Posto Gasolina;8
TX0126;50;1.0;2023-06-16;4615.93;CREDIT;PENDING;Restaurante;4
TX0127;7;;2023-12-09;2021.73;TED;FAILED;Netflix;4
TX0128;16;3.0;2023-06-04;4116.04;CREDIT;COMPLETED;Uber;1
TX0129;32;1.0;2023-08-16;80.44;DEBIT;COMPLETED;Aluguel;0
TX0130;50;5.0;2023-10-29;471.06;CREDIT;COMPLETED;Amazon;12
TX0131;41;3.0;2023-08-04;2168.89;PIX;PENDING;Netflix;0
TX0132;48;;2023-04-13;4367.26;BOLETO;PENDING;Amazon;0
TX0133;9;5.0;2023-01-07;4098.63;PIX;PENDING;Netflix;1
TX0134;20;5.0;2023-01-26;552.83;PIX;COMPLETED;Uber;0
TX0135;16;2.0;2023-09-08;923.74;CREDIT;PENDING;Posto Gasolina;10
TX0136;8;5.0;2023-08-18;2874.13;CREDIT;PENDING;Farmácia;4
TX0137;6;4.0;2023-09-23;3474.46;DEBIT;COMPLETED;Aluguel;0
TX0138;11;2.0;2023-03-11;142,12;DEBIT;COMPLETED;Posto Gasolina;0
TX0139;18;1.0;2023-11-08;2809.04;BOLETO;COMPLETEDD;Aluguel;0
TX0140;15;4.0;;752.54;PIX;FAILED;Amazon;0
TX0141;14;5.0;12-02-2023;1593.18;CREDIT;FAILED;Posto Gasolina;5
TX0142;13;4.0;2023-03-20;2655.71;BOLETO;COMPLETED;Netflix;0
TX0143;7;4.0;2023-02-18;4459.74;CREDIT;PENDING;Amazon;4
TX0144;34;4.0;2023-08-26;1492.18;BOLETO;COMPLETED;Netflix;0
TX0145;44;5.0;07-05-2023;1684,66;CREDIT;PENDING;Supermercado;11
TX0146;3;5.0;2023-12-12;906.76;DEBIT;COMPLETED;Uber;0
TX0147;16;;2023-05-16;1340,84;DEBIT;PENDING;Restaurante;0
TX0148;29;;2023-12-19;4482,87;TED;FAILED;Netflix;0
TX0149;17;;2023-11-14;1954.09;BOLETO;COMPLETED;Farmácia;0
TX0150;44;5.0;2023-06-18;1170.99;DEBIT;COMPLETED;Uber;0
TX0151;5;1.0;;845.51;BOLETO;COMPLETED;Restaurante;0
TX0152;25;;2023-05-15;2415,59;BOLETO;FAILED;Netflix;0
TX0153;26;2.0;2023-01-25;1083.91;TED;FAILED;Netflix;0
TX0154;1;;2023-10-26;270.18;TED;PENDENTE;Supermercado;0
TX0155;10;5.0;2023-11-04;2954.94;BOLETO;FAILED;Supermercado;0
TX0156;24;2.0;2023-10-11;4868.39;CREDIT;COMPLETED;Farmácia;9
TX0157;45;1.0;;1254.01;BOLETO;FAILED;Aluguel;0
TX0158;47;2.0;2023-08-22;93.91;DEBIT;COMPLETED;Uber;0
TX0159;30;3.0;2023-09-27;1677.51;DEBIT;COMPLETED;Supermercado;0
TX0160;3;2.0;2023-12-09;4736.02;BOLETO;COMPLETED;Restaurante;0
TX0161;32;5.0;2023-10-20;570.61;BOLETO;FAILED;Restaurante;0
TX0162;13;2.0;2023-03-28;2000.24;PIX;FAILED;Supermercado;0
TX0163;36;3.0;;3734.16;TED;PENDING;Netflix;0
TX0164;46;;2023-12-05;1845,66;TED;PENDING;Uber;0
TX0165;14;;2023-08-29;3937.51;CREDIT;PENDING;Supermercado;4
TX0166;32;;2023-11-14;217.55;BOLETO;COMPLETED;Amazon;0
TX0167;21;3.0;2023-07-11;1080,8;PIX;COMPLETED;Amazon;0
TX0168;31;3.0;2023-12-16;4696.45;BOLETO;COMPLETED;Farmácia;0
TX0169;40;;2023-10-31;2813.38;TED;COMPLETED;Amazon;0
TX0170;28;;06/12/2023;11.85;TED;PENDING;Farmácia;0
TX0171;7;2.0;2023-10-05;1106,87;PIX;PENDING;Supermercado;4
TX0172;1;1.0;;1569.12;CREDIT;FAILED;Netflix;10
TX0173;32;1.0;2023-02-09;1169,7;CREDIT;COMPLETED;Posto Gasolina;6
TX0174;5;3.0;2023-04-06;3037.22;CREDIT;COMPLETED;  Uber  ;7
TX0175;25;;2023-03-21;2250.06;DEBIT;FAILED;Aluguel;0
TX0176;20;5.0;2023-03-16;4868,01;CREDIT;PENDENTE;  Netflix  ;7
TX0177;50;2.0;2023-02-10;4912.36;PIX;FAILED;Posto Gasolina;0
TX0178;35;2.0;2023-03-14;4540.74;PIX;COMPLETED;Uber;0
TX0179;48;1.0;2023-02-04;385.81;DEBIT;PENDING;Posto Gasolina;0
TX0180;14;1.0;2023-05-29;842.04;BOLETO;PENDING;Netflix;0
TX0181;16;;2023-01-21;111.61;BOLETO;PENDING;Amazon;0
TX0182;40;3.0;2023-01-04;1295.96;TED;PENDING;Supermercado;0
TX0183;45;3.0;2023-05-08;2339.86;DEBIT;PENDING;Netflix;0
TX0184;41;;2023-03-26;943.71;BOLETO;PENDING;Uber;0
TX0185;32;5.0;;1450.08;TED;PENDING;Restaurante;0
TX0186;16;5.0;2023-11-19;779.05;TED;COMPLETED;Farmácia;0
TX0187;26;;2023-11-08;1076.03;PIX;COMPLETED;Restaurante;0
TX0188;50;4.0;2023-08-25;2155.92;DEBIT;FAILED;  Posto Gasolina  ;0
TX0189;10;4.0;2023-08-30;;PIX;COMPLETED;Supermercado;0
TX0190;44;5.0;2023-02-12;4087.21;BOLETO;FAILED;Posto Gasolina;0
TX0191;34;;2023-06-29;2545.57;PIX;PENDING;Netflix;0
TX0192;1;3.0;2023-12-27;2394.44;PIX;PENDING;Restaurante;0
TX0193;29;1.0;2023-05-19;218.48;BOLETO;FAILED;Amazon;0
TX0194;15;2.0;2023-08-19;3354.32;PIX;COMPLETED;Aluguel;2
TX0195;24;4.0;2023-02-01;1398.62;BOLETO;PENDING;Amazon;0
TX0196;8;2.0;2023-08-02;2634.81;PIX;COMPLETED;Netflix;0
TX0197;31;;2023-11-07;3193.57;PIX;FAILED;Aluguel;0
TX0198;11;4.0;01-01-2024;2590.12;TED;PENDING;Netflix;0
TX0199;16;1.0;2023-04-06;866.13;DEBIT;FAILED;Farmácia;0
TX0200;1;2.0;2023-08-21;390.28;CREDIT;COMPLETED;Posto Gasolina;7
TX0201;3;5.0;2023-01-24;2055.46;CREDIT;COMPLETED;Restaurante;7
TX0202;18;1.0;2023-08-30;3716.67;BOLETO;FAILED;Restaurante;0
TX0203;25;2.0;2023-09-05;4166.58;TED;COMPLETED;Restaurante;0
TX0204;5;2.0;;689.42;BOLETO;FAILED;Amazon;0
TX0205;40;1.0;2023-10-28;1397.03;BOLETO;FAILED;Aluguel;0
TX0206;38;2.0;2023-12-13;4421.28;BOLETO;FAILED;Uber;0
TX0207;4;1.0;2023-01-03;4427.73;TED;PENDING;Restaurante;0
TX0208;11;2.0;2023-03-14;2643.14;TED;FAILED;Posto Gasolina;4
TX0209;34;2.0;28/10/2023;2747,41;DEBIT;FAILED;Farmácia;0
TX0210;48;3.0;2023-10-29;3086.88;CREDIT;COMPLETED;Aluguel;8
TX0211;1;5.0;2023-08-22;2264.82;CREDIT;PENDING;Uber;7
TX0212;17;;2023-09-03;;DEBIT;FAILED;Farmácia;5
TX0213;13;2.0;2023-01-22;3950.93;DEBIT;;Netflix;0
TX0214;47;;2023-07-23;92.32;BOLETO;COMPLETED;Amazon;0
TX0215;21;;2023-11-30;2017.03;DEBIT;PENDING;Posto Gasolina;0
TX0216;46;2.0;2023-07-03;1703.3;PIX;PENDING;Posto Gasolina;0
TX0217;50;2.0;2023-10-03;2193.93;PIX;COMPLETED;Restaurante;0
TX0218;32;;2023-05-28;1204.44;TED;COMPLETED;Farmácia;0
TX0219;17;1.0;2023-04-03;146.73;TED;PENDING;Supermercado;0
TX0220;42;3.0;2023-07-26;4820.72;BOLETO;COMPLETED;Posto Gasolina;0
TX0221;21;;2023-11-26;1553.19;CREDIT;COMPLETED;Farmácia;1
TX0222;42;;2023-03-23;3217.06;TED;COMPLETED;Netflix;0
TX0223;40;1.0;2023-03-09;1007.27;CREDIT;FAILED;Restaurante;7
TX0224;40;2.0;2023-12-01;4493.56;TED;COMPLETED;Posto Gasolina;0
TX0225;29;5.0;2023-02-19;1755.61;PIX;PENDING;Netflix;0
TX0226;25;1.0;2023-07-30;93.12;PIX;FAILED;  Restaurante  ;0
TX0227;9;2.0;2023-03-16;3511.63;BOLETO;COMPLETEDD;Restaurante;0
TX0228;38;;2023-07-12;2509.48;DEBIT;COMPLETED;Supermercado;0
TX0229;16;3.0;2023-06-28;1807.74;CREDIT;PENDING;Uber;3
TX0230;13;5.0;2023-07-05;2259.85;PIX;PENDING;Aluguel;0
TX0231;40;3.0;2023-11-02;4064.75;DEBIT;COMPLETED;Aluguel;0
TX0232;16;;2023-12-22;1716.25;CREDIT;PENDING;Netflix;3
TX0233;24;3.0;2023-07-28;4916,72;DEBIT;PENDENTE;Netflix;5
TX0234;46;1.0;2023-09-23;4542.82;BOLETO;COMPLETED;Restaurante;0
TX0235;14;2.0;2024-01-01;2551.34;TED;FAILED;Restaurante;0
TX0236;16;5.0;2023-01-13;3366.13;TED;FAILED;Supermercado;0
TX0237;39;4.0;2023-01-24;3472.29;PIX;COMPLETED;Aluguel;0
TX0238;7;1.0;2023-11-26;;PIX;COMPLETED;Restaurante;0
TX0239;24;1.0;2023-10-18;3827.33;PIX;FAILED;Supermercado;0
TX0240;7;;2023-01-21;2099.17;DEBIT;PENDING;Amazon;0
TX0241;13;1.0;2023-04-21;238.92;BOLETO;COMPLETED;Farmácia;0
TX0242;20;;2023-02-07;1924.15;PIX;FAILED;Posto Gasolina;0
TX0243;1;2.0;2023-12-12;4977.08;TED;COMPLETED;Netflix;0
TX0244;48;;2023-01-17;1916.62;TED;;Uber;0
TX0245;12;4.0;2023-01-26;286.8;DEBIT;PENDING;Restaurante;0
TX0246;23;5.0;2023-07-23;2271.24;DEBIT;FAILED;Aluguel;0
TX0247;26;4.0;2023-01-27;4361.3;BOLETO;FAILED;Supermercado;0
TX0248;28;2.0;2023-11-28;3178.48;CREDIT;PENDING;Farmácia;5
TX0249;1;2.0;2023-08-12;2447.21;TED;FAILED;Netflix;0
TX0250;35;5.0;2023-10-16;2037.03;CREDIT;FAILED;Farmácia;6
TX0251;43;;2023-07-24;3287.71;DEBIT;COMPLETED;  Netflix  ;0
TX0252;26;;2023-05-20;349.99;TED;FAILED;Uber;0
TX0253;3;3.0;18/01/2023;4820.99;BOLETO;FAILED;Aluguel;0
TX0254;21;5.0;2023-09-04;2698.45;TED;COMPLETED;Netflix;0
TX0255;37;1.0;2023-06-04;3764.39;BOLETO;COMPLETED;Farmácia;0
TX0256;45;2.0;2023-11-19;2841.9;TED;PENDING;Posto Gasolina;0
TX0257;10;;2023-11-12;148,42;TED;FAILED;Farmácia;0
TX0258;9;3.0;;311.5;PIX;COMPLETED;Amazon;0
TX0259;20;;2023-07-30;1514.41;DEBIT;COMPLETED;Farmácia;0
TX0260;40;3.0;2023-05-21;2794,37;BOLETO;;Posto Gasolina;0
TX0261;29;4.0;2023-05-18;3001.16;DEBIT;FAILED;Netflix;1
TX0262;21;;2023-04-29;3306,32;CREDIT;FAILED;Restaurante;7
TX0263;32;5.0;2023-01-15;4703.53;BOLETO;COMPLETED;Posto Gasolina;0
TX0264;36;1.0;;814.45;TED;FAILED;Supermercado;0
TX0265;5;2.0;2023-01-07;3470.31;PIX;FAILED;Netflix;0
TX0266;27;2.0;2023-02-28;1638.06;PIX;FAILED;Posto Gasolina;0
TX0267;9;4.0;2023-04-20;3694.84;BOLETO;PENDING;Farmácia;0
TX0268;5;3.0;2023-06-28;2704.94;BOLETO;FAILED;Netflix;3
TX0269;7;1.0;2023-06-21;818.58;DEBIT;FAILED;Farmácia;4
TX0270;18;5.0;2023-04-15;1616,68;BOLETO;COMPLETED;Netflix;4
TX0271;35;;;2615.4;BOLETO;PENDING;Restaurante;0
TX0272;46;5.0;2023-02-17;1416.34;CREDIT;COMPLETED;Farmácia;1
TX0273;38;4.0;2023-02-15;3580.09;TED;FAILED;Netflix;0
TX0274;33;;2023-01-18;2631.39;PIX;PENDING;Posto Gasolina;0
TX0275;5;;2023-03-02;2076.42;DEBIT;PENDING;Uber;0
TX0276;47;5.0;04/05/2023;2532.25;DEBIT;FAILED;Uber;0
TX0277;10;;2023-12-15;3345.36;TED;FAILED;Aluguel;0
TX0278;34;;2023-06-07;3339,21;DEBIT;COMPLETED;Restaurante;0
TX0279;23;2.0;2023-03-21;4344.87;TED;COMPLETED;Posto Gasolina;0
TX0280;21;;2023-11-19;2298.18;TED;PENDING;Uber;0
TX0281;37;2.0;2023-03-02;2919.58;PIX;COMPLETED;Uber;0
TX0282;40;2.0;2023-08-06;2401.42;BOLETO;FAILED;Farmácia;0
TX0283;28;4.0;2023-01-06;1058.96;PIX;PENDING;Aluguel;0
TX0284;21;;2023-03-25;224.54;CREDIT;FAILED;Posto Gasolina;7
TX0285;13;5.0;2023-07-31;2153.39;CREDIT;COMPLETED;Aluguel;6
TX0286;47;2.0;2023-11-10;4052.52;PIX;COMPLETED;Netflix;0
TX0287;29;5.0;2023-04-29;2240.53;CREDIT;FAILED;Farmácia;11
TX0288;44;3.0;2023-10-03;2997.49;BOLETO;COMPLETED;Uber;0
TX0289;3;2.0;2023-12-22;3878.6;CREDIT;FAILED;Supermercado;6
TX0290;29;;2023-09-25;2866.27;DEBIT;PENDING;Aluguel;0
TX0291;39;5.0;2023-11-03;3405,0;CREDIT;FAILED;Posto Gasolina;2
TX0292;7;5.0;22/03/2023;2995.89;TED;PENDING;Amazon;0
TX0293;33;5.0;;1905.87;DEBIT;PENDING;Uber;0
TX0294;45;1.0;02/10/2023;3784.18;BOLETO;PENDING;Restaurante;0
TX0295;8;5.0;2023-04-15;1916.6;CREDIT;PENDING;Supermercado;7
TX0296;48;;2023-02-12;2701.58;BOLETO;COMPLETED;Farmácia;0
TX0297;49;1.0;2023-12-24;1055.33;TED;FAILED;Netflix;0
TX0298;26;5.0;2023-02-14;575,7;PIX;COMPLETED;Farmácia;0
TX0299;9;;2023-10-14;;TED;COMPLETED;Supermercado;0
TX0300;22;5.0;2023-11-23;968,51;TED;PENDING;Posto Gasolina;0
TX0301;20;5.0;2023-10-07;4504.83;PIX;PENDING;Aluguel;0
TX0302;42;;2023-01-21;1014.14;CREDIT;FAILED;Aluguel;11
TX0303;16;3.0;2023-04-10;2520.33;CREDIT;COMPLETED;  Aluguel  ;9
TX0304;1;1.0;2023-07-02;3287.18;CREDIT;COMPLETED;Netflix;8
TX0305;44;;2023-06-19;697.99;TED;FAILED;Supermercado;0
TX0306;12;1.0;2023-07-07;4700.08;CREDIT;COMPLETED;Netflix;4
TX0307;22;;2023-04-27;4472,0;PIX;COMPLETED;Netflix;5
TX0308;9;;2023-12-31;473.63;DEBIT;PENDING;Posto Gasolina;0
TX0309;16;4.0;2023-02-12;3094.39;DEBIT;PENDING;  Amazon  ;0
TX0310;49;5.0;2023-01-24;901.61;TED;COMPLETED;Farmácia;0
TX0311;24;5.0;2023-11-21;3213.22;DEBIT;PENDING;Supermercado;0
TX0312;6;5.0;2023-01-24;1122.13;DEBIT;COMPLETED;Uber;0
TX0313;30;;2023-09-15;;BOLETO;COMPLETED;Restaurante;0
TX0314;23;1.0;2023-07-15;1875.82;PIX;COMPLETED;Aluguel;0
TX0315;1;;2023-01-24;4867.39;BOLETO;PENDING;Farmácia;0
TX0316;11;3.0;2023-07-18;3944.31;DEBIT;FAILED;Posto Gasolina;1
TX0317;22;5.0;2023-06-11;1515.43;DEBIT;FAILED;Netflix;0
TX0318;34;1.0;2023-12-18;3352.44;CREDIT;FAILED;  Netflix  ;11
TX0319;46;3.0;2023-07-21;3818.86;TED;COMPLETED;Uber;0
TX0320;32;;2023-03-06;1023.2;BOLETO;FAILED;Supermercado;0
TX0321;16;;2023-07-22;1178,66;PIX;COMPLETED;Uber;0
TX0322;19;4.0;2023-11-02;4328.0;DEBIT;FAILED;Amazon;0
TX0323;30;;2023-04-29;4613.21;CREDIT;COMPLETED;Farmácia;10
TX0324;35;2.0;2023-03-07;;TED;FAILED;Posto Gasolina;0
TX0325;40;5.0;2023-03-02;2095.19;DEBIT;PENDING;Aluguel;0
TX0326;30;3.0;2023-09-22;3414.78;CREDIT;FAILED;  Restaurante  ;10
TX0327;10;3.0;2023-06-05;1702.7;BOLETO;COMPLETED;Posto Gasolina;0
TX0328;9;4.0;2023-09-18;3728.47;CREDIT;FAILED;Farmácia;12
TX0329;15;3.0;2023-07-06;2127.58;TED;COMPLETED;Netflix;0
TX0330;30;5.0;2023-12-09;1948.75;TED;COMPLETED;Netflix;0
TX0331;19;2.0;2023-01-20;2829.05;TED;FAILED;Amazon;0
TX0332;23;1.0;2023-09-25;4175.6;CREDIT;COMPLETED;Netflix;11
TX0333;25;2.0;2023-07-06;1821.65;DEBIT;FAILED;Posto Gasolina;0
TX0334;15;2.0;2023-03-14;4716.5;TED;PENDING;Supermercado;0
TX0335;3;3.0;2023-12-19;2608.13;BOLETO;FAILED;Netflix;0
TX0336;6;;2023-03-11;3027.77;TED;PENDING;Netflix;0
TX0337;8;;2023-05-25;162.27;CREDIT;PENDING;Uber;7
TX0338;6;4.0;;1487.48;DEBIT;PENDING;Restaurante;0
TX0339;7;;2023-06-10;2656.69;DEBIT;COMPLETEDD;Restaurante;0
TX0340;33;1.0;2023-08-16;3782.22;CREDIT;PENDING;Restaurante;12
TX0341;26;2.0;31/01/2023;2129.32;PIX;COMPLETED;Posto Gasolina;0
TX0342;46;1.0;2023-12-03;1176.0;DEBIT;PENDING;Netflix;0
TX0343;32;;2023-08-02;3987.97;CREDIT;COMPLETED;Restaurante;12
TX0344;46;;2023-05-21;4175.28;CREDIT;FAILED;Farmácia;11
TX0345;38;;2023-07-01;;DEBIT;PENDING;Uber;0
TX0346;31;;2023-08-29;2080.08;BOLETO;COMPLETED;Uber;0
TX0347;2;1.0;2023-04-30;2882.83;BOLETO;FAILED;Supermercado;0
TX0348;16;;2023-09-14;4068.36;DEBIT;PENDING;Posto Gasolina;0
TX0349;38;1.0;2023-05-05;4705.76;TED;COMPLETED;Aluguel;0
TX0350;46;4.0;2023-11-01;3322.13;CREDIT;FAILED;Restaurante;5
TX0351;10;5.0;2023-05-09;1033.71;TED;PENDING;Uber;0
TX0352;23;4.0;2023-01-27;79.6;DEBIT;COMPLETED;Farmácia;0
TX0353;43;2.0;2023-03-11;1935.07;TED;FAILED;Restaurante;0
TX0354;24;3.0;2023-06-27;1321.35;TED;FAILED;Aluguel;0
TX0355;14;5.0;2023-11-15;4643.67;PIX;FAILED;Posto Gasolina;0
TX0356;26;4.0;2023-07-07;1666.97;TED;;Amazon;0
TX0357;8;;2023-09-05;4268.35;DEBIT;COMPLETED;Supermercado;0
TX0358;19;1.0;2023-01-30;2130.03;PIX;COMPLETED;Amazon;0
TX0359;18;5.0;2023-01-10;3048.58;CREDIT;COMPLETED;Posto Gasolina;7
TX0360;27;4.0;2023-12-27;4463.59;PIX;FAILED;Amazon;0
TX0361;32;1.0;;3217.51;CREDIT;FAILED;Farmácia;1
TX0362;6;2.0;2023-11-03;1627.21;TED;PENDING;Supermercado;0
TX0363;4;4.0;2023-10-10;215.12;TED;FAILED;Amazon;0
TX0364;50;1.0;2023-05-26;2983.39;TED;COMPLETED;Aluguel;0
TX0365;9;;2023-04-29;603.01;TED;FAILED;Aluguel;0
TX0366;41;;2023-05-18;2779.78;DEBIT;PENDING;Uber;0
TX0367;38;4.0;2023-12-26;3683.44;PIX;FAILED;Farmácia;1
TX0368;9;4.0;2023-01-01;3616.74;BOLETO;FAILED;Amazon;0
TX0369;7;;;1001.38;BOLETO;FAILED;Amazon;0
TX0370;19;3.0;2023-02-08;941.13;DEBIT;PENDING;Uber;0
TX0371;42;;2023-08-08;3796,62;BOLETO;PENDING;Netflix;0
TX0372;19;5.0;2023-01-09;2242.99;PIX;COMPLETED;Aluguel;0
TX0373;1;5.0;2023-06-30;4962,33;BOLETO;PENDING;Restaurante;0
TX0374;37;3.0;2023-10-10;1159.07;PIX;PENDING;Amazon;0
TX0375;37;;2023-03-11;3062,31;TED;FAILED;Uber;0
TX0376;31;2.0;2023-08-29;329.47;DEBIT;FAILED;Posto Gasolina;0
TX0377;29;;2023-07-19;2479.52;TED;FAILED;Posto Gasolina;0
TX0378;33;1.0;10-10-2023;;CREDIT;FAILED;Posto Gasolina;0
TX0379;5;2.0;2023-09-12;1513.19;CREDIT;COMPLETED;Uber;4
TX0380;36;;2023-03-11;2304.51;CREDIT;COMPLETED;Aluguel;1
TX0381;15;4.0;2023-10-18;3579.98;DEBIT;FAILED;Farmácia;0
TX0382;10;2.0;2023-09-23;793.63;PIX;COMPLETED;Amazon;0
TX0383;39;2.0;2023-03-08;3506.24;TED;FAILED;Restaurante;0
TX0384;27;3.0;2023-02-24;4098.71;CREDIT;COMPLETED;Amazon;11
TX0385;6;3.0;2023-06-22;4690.74;PIX;COMPLETED;Aluguel;0
TX0386;41;1.0;2023-02-27;2230.32;CREDIT;PENDING;Netflix;2
TX0387;14;1.0;2023-10-19;2737.21;TED;PENDING;Supermercado;0
TX0388;44;;04-08-2023;2298.01;CREDIT;FAILED;Farmácia;5
TX0389;14;3.0;2023-05-25;714.53;BOLETO;;Aluguel;0
TX0390;12;5.0;2023-02-11;648.89;TED;COMPLETED;  Supermercado  ;0
TX0391;13;3.0;2023-01-11;621.69;BOLETO;COMPLETED;Amazon;0
TX0392;20;5.0;2023-09-01;1980.69;DEBIT;PENDING;Aluguel;0
TX0393;24;3.0;2023-05-09;4634.26;TED;FAILED;Supermercado;0
TX0394;37;;2023-11-25;;TED;FAILED;Aluguel;0
TX0395;3;5.0;27-10-2023;1230,59;PIX;PENDING;Farmácia;0
TX0396;24;;2023-12-01;96.22;BOLETO;COMPLETED;Posto Gasolina;0
TX0397;42;4.0;2023-03-25;3522.03;TED;COMPLETED;Amazon;0
TX0398;14;1.0;2023-06-09;2207.56;PIX;PENDING;Netflix;0
TX0399;44;2.0;2023-11-26;2276.09;CREDIT;PENDING;Restaurante;12
TX0400;23;3.0;2023-07-23;2945.59;PIX;COMPLETED;Uber;0
TX0401;10;;2023-05-25;317.15;PIX;FAILED;Amazon;0
TX0402;36;1.0;2023-03-20;3573.34;CREDIT;PENDING;Netflix;2
TX0403;29;4.0;2023-07-18;4369,22;BOLETO;COMPLETED;Restaurante;0
TX0404;41;3.0;31-12-2023;2352.87;CREDIT;PENDING;Supermercado;4
TX0405;35;3.0;2023-01-30;1778.07;BOLETO;FAILED;Farmácia;0
TX0406;30;3.0;2023-03-05;4818.93;DEBIT;COMPLETEDD;Netflix;0
TX0407;28;;2023-08-02;3874.54;TED;COMPLETED;Amazon;0
TX0408;22;3.0;2023-06-04;1165.71;DEBIT;PENDING;Aluguel;0
TX0409;4;1.0;2023-03-22;887.74;BOLETO;PENDING;  Farmácia  ;0
TX0410;30;4.0;2024-01-01;4547.16;BOLETO;COMPLETED;Farmácia;0
TX0411;29;;2023-08-02;1346.83;CREDIT;COMPLETEDD;Farmácia;5
TX0412;31;1.0;2023-05-20;;PIX;FAILED;Aluguel;0
TX0413;19;2.0;;3865.53;PIX;COMPLETED;Restaurante;0
TX0414;31;;2023-01-31;2041.16;PIX;COMPLETED;Supermercado;0
TX0415;18;;21/05/2023;2164.41;TED;FAILED;Posto Gasolina;0
TX0416;24;;2023-04-04;1292.52;DEBIT;PENDING;Uber;0
TX0417;17;;29-12-2023;2506,16;CREDIT;COMPLETED;Netflix;7
TX0418;10;4.0;16/12/2023;624.93;DEBIT;PENDING;Netflix;0
TX0419;41;5.0;2023-01-14;3504.56;BOLETO;COMPLETED;Netflix;0
TX0420;21;;2023-12-04;802.47;TED;PENDING;Farmácia;0
TX0421;44;3.0;2023-08-18;2396.64;TED;COMPLETED;Farmácia;0
TX0422;45;1.0;2023-07-22;1476.81;TED;PENDING;Netflix;0
TX0423;1;;2024-01-01;3090.99;CREDIT;COMPLETED;Restaurante;8
TX0424;48;;16/06/2023;;CREDIT;FAILED;Aluguel;0
TX0425;17;1.0;2023-11-04;4646.85;PIX;COMPLETED;Restaurante;0
TX0426;28;1.0;2023-10-18;;DEBIT;FAILED;Netflix;0
TX0427;31;1.0;2023-10-14;1761.19;CREDIT;PENDENTE;Farmácia;2
TX0428;36;5.0;2023-10-21;3633.37;PIX;COMPLETED;Netflix;0
TX0429;22;3.0;2023-04-23;4607.91;BOLETO;PENDENTE;Aluguel;0
TX0430;26;;14-04-2023;1114.83;TED;PENDING;Netflix;0
TX0431;4;5.0;2023-03-18;2506,8;DEBIT;FAILED;Supermercado;0
TX0432;41;;2023-11-14;4834.01;PIX;COMPLETED;Farmácia;0
TX0433;47;;2023-05-13;3082.36;BOLETO;COMPLETED;Farmácia;0
TX0434;33;1.0;2023-03-28;1002.99;TED;PENDING;Posto Gasolina;0
TX0435;26;;2023-11-25;3913.44;PIX;PENDING;Supermercado;0
TX0436;43;2.0;2023-07-03;2395.45;CREDIT;FAILED;Supermercado;2
TX0437;38;5.0;2023-03-23;3375.34;DEBIT;FAILED;Uber;0
TX0438;36;2.0;2023-08-21;1536.04;TED;;Farmácia;0
TX0439;47;;2023-11-10;3341.52;DEBIT;COMPLETED;Netflix;0
TX0440;34;1.0;2023-08-25;2012.02;CREDIT;FAILED;Farmácia;5
TX0441;1;;2023-04-05;3333.86;TED;PENDING;Netflix;0
TX0442;38;;2023-05-29;;CREDIT;FAILED;Netflix;5
TX0443;43;2.0;2023-02-20;4339.59;BOLETO;COMPLETED;Supermercado;0
TX0444;32;4.0;2023-10-20;697.93;DEBIT;COMPLETED;Posto Gasolina;0
TX0445;31;3.0;2023-12-03;4337.02;TED;PENDING;Amazon;0
TX0446;20;2.0;01-10-2023;24.17;CREDIT;PENDING;Posto Gasolina;3
TX0447;19;;2023-10-07;3526,26;BOLETO;FAILED;Supermercado;0
TX0448;10;5.0;2023-09-18;326.89;BOLETO;COMPLETED;Supermercado;0
TX0449;31;3.0;2023-12-20;1083.69;TED;PENDING;Restaurante;0
TX0450;9;4.0;;4610.37;BOLETO;FAILED;Farmácia;0
TX0451;30;4.0;2023-04-17;2224.77;TED;FAILED;Uber;0
TX0452;33;3.0;2023-08-05;3335.12;PIX;PENDING;Restaurante;0
TX0453;8;3.0;2023-01-28;1282.3;BOLETO;FAILED;Farmácia;0
TX0454;47;1.0;2023-03-26;75.96;DEBIT;PENDING;  Netflix  ;0
TX0455;7;1.0;2023-04-13;4004.1;CREDIT;PENDING;Amazon;11
TX0456;22;3.0;2023-10-21;3216.81;DEBIT;FAILED;Netflix;0
TX0457;46;4.0;2023-11-21;4221.63;DEBIT;PENDING;Netflix;0
TX0458;21;4.0;;107.92;PIX;PENDING;Netflix;0
TX0459;33;1.0;2023-08-13;480.68;DEBIT;PENDING;Amazon;0
TX0460;10;2.0;2023-09-14;2610.29;BOLETO;FAILED;Aluguel;0
TX0461;43;5.0;2023-11-28;3440.33;TED;FAILED;Aluguel;0
TX0462;13;;2023-01-08;;BOLETO;COMPLETED;Amazon;5
TX0463;23;5.0;2023-04-14;4399,52;TED;FAILED;Posto Gasolina;0
TX0464;45;;2023-08-08;1099.79;BOLETO;PENDING;Uber;0
TX0465;33;1.0;2023-03-06;;CREDIT;FAILED;Posto Gasolina;5
TX0466;9;1.0;2023-06-23;2165.44;TED;FAILED;Supermercado;0
TX0467;50;5.0;2023-11-09;3410,22;CREDIT;FAILED;Amazon;12
TX0468;10;3.0;2023-02-19;3782.74;TED;PENDING;Supermercado;0
TX0469;11;5.0;2023-09-18;849,81;DEBIT;PENDING;Uber;0
TX0470;44;;2023-12-02;2677.88;BOLETO;FAILED;Uber;0
TX0471;49;2.0;2023-01-17;713.24;BOLETO;COMPLETED;Restaurante;0
TX0472;48;3.0;2023-09-19;4012,8;BOLETO;FAILED;Posto Gasolina;0
TX0473;22;;2023-07-25;1252.42;PIX;PENDING;Restaurante;0
TX0474;5;4.0;2023-01-14;2495.82;TED;PENDING;Farmácia;0
TX0475;31;1.0;2023-02-07;1801,52;BOLETO;FAILED;Aluguel;0
TX0476;49;5.0;2023-12-29;4367.36;DEBIT;FAILED;Posto Gasolina;0
TX0477;21;4.0;;3106.59;PIX;FAILED;Farmácia;0
TX0478;16;2.0;2023-07-15;2239.92;BOLETO;COMPLETED;Aluguel;0
TX0479;34;;2023-12-29;3135.73;CREDIT;COMPLETED;Farmácia;1
TX0480;24;4.0;2023-10-03;3777.0;TED;FAILED;Netflix;0
TX0481;19;5.0;2023-11-24;3323.5;TED;PENDING;Posto Gasolina;0
TX0482;6;2.0;2023-01-13;;BOLETO;COMPLETED;Supermercado;0
TX0483;26;;2023-07-10;535.53;PIX;COMPLETED;Posto Gasolina;5
TX0484;48;1.0;2023-03-16;1851.94;CREDIT;FAILED;Netflix;1
TX0485;47;;2023-06-10;3539.53;CREDIT;COMPLETED;Amazon;7
TX0486;4;2.0;2023-10-08;;BOLETO;PENDING;Supermercado;5
TX0487;47;5.0;2023-03-14;2815.64;TED;COMPLETED;Uber;0
TX0488;33;1.0;2023-05-20;937.17;PIX;COMPLETED;Posto Gasolina;0
TX0489;43;;14/12/2023;3833.49;CREDIT;PENDING;Amazon;5
TX0490;28;4.0;2023-05-07;4909.67;CREDIT;PENDING;Restaurante;3
TX0491;23;3.0;2023-03-22;2144.94;TED;FAILED;Amazon;0
TX0492;17;1.0;2023-11-17;1488.08;TED;COMPLETED;Aluguel;0
TX0493;16;1.0;2023-02-10;4418.02;CREDIT;COMPLETED;Restaurante;8
TX0494;20;3.0;2023-03-23;1171,66;DEBIT;FAILED;Netflix;0
TX0495;26;4.0;2023-07-02;3412.66;TED;PENDING;Farmácia;0
TX0496;37;;2023-05-02;4702,16;PIX;COMPLETED;Amazon;0
TX0497;27;;2023-12-30;2469.41;BOLETO;PENDING;Restaurante;0
TX0498;40;5.0;2023-04-03;918.69;DEBIT;PENDENTE;Aluguel;0
TX0499;24;;2023-04-11;1486.68;PIX;PENDING;Supermercado;0
TX0500;7;;2023-11-30;4867.14;BOLETO;PENDING;Netflix;5
TX0501;4;4.0;2023-07-14;363.02;DEBIT;COMPLETED;Posto Gasolina;0
TX0502;32;2.0;2023-09-01;1266.92;PIX;COMPLETED;Farmácia;0
TX0503;17;4.0;2023-01-06;4867.9;DEBIT;FAILED;Farmácia;0
TX0504;22;;2023-03-21;975.96;CREDIT;FAILED;Netflix;2
TX0505;36;;01-12-2023;2125.87;BOLETO;FAILED;Farmácia;0
TX0506;44;5.0;2023-10-14;4191.87;TED;FAILED;Supermercado;0
TX0507;12;;;4457.72;DEBIT;PENDING;Amazon;0
TX0508;4;3.0;2023-09-21;4645.62;CREDIT;COMPLETED;Aluguel;10
TX0509;9;;2023-10-17;1302.52;BOLETO;PENDING;Aluguel;0
TX0510;41;2.0;2023-09-12;;TED;COMPLETED;Uber;0
TX0511;21;5.0;2023-12-08;4228.14;DEBIT;FAILED;Netflix;0
TX0512;21;3.0;2023-09-19;4439.98;PIX;COMPLETED;Amazon;0
TX0513;6;;;2287.8;BOLETO;PENDING;Supermercado;0
TX0514;1;5.0;2023-02-17;4087.25;BOLETO;COMPLETED;Amazon;0
TX0515;3;;2023-09-28;1349.6;DEBIT;PENDING;Aluguel;3
TX0516;35;;2023-01-28;4265.8;DEBIT;FAILED;Netflix;0
TX0517;19;5.0;2023-12-13;296.02;BOLETO;FAILED;Amazon;0
TX0518;46;2.0;2023-08-28;2487.16;DEBIT;FAILED;Uber;0
TX0519;34;2.0;2023-08-29;669.08;DEBIT;FAILED;Netflix;0
TX0520;40;1.0;2023-07-26;2787.87;CREDIT;COMPLETED;Amazon;2
TX0521;43;;2023-01-17;2620,66;TED;PENDING;Posto Gasolina;0
TX0522;21;3.0;;2271,82;DEBIT;PENDING;Uber;0
TX0523;10;4.0;2023-10-28;4724.41;DEBIT;FAILED;Restaurante;0
TX0524;9;;2023-06-04;4009.41;DEBIT;COMPLETED;Uber;0
TX0525;32;1.0;2023-12-22;4626.75;TED;COMPLETED;Farmácia;0
TX0526;35;2.0;2023-08-11;1199.89;DEBIT;FAILED;Restaurante;0
TX0527;50;;2023-05-27;3919.15;DEBIT;PENDING;Amazon;0
TX0528;16;4.0;2023-09-17;2512.86;TED;COMPLETED;Netflix;0
TX0529;18;1.0;2023-03-03;1139.27;TED;FAILED;Aluguel;0
TX0530;17;1.0;2023-07-28;145.52;PIX;PENDING;Posto Gasolina;0
TX0531;9;4.0;2023-07-09;258.82;DEBIT;FAILED;Posto Gasolina;0
TX0532;24;2.0;2023-04-10;224.36;DEBIT;COMPLETED;Uber;0
TX0533;14;;;3119.53;CREDIT;FAILED;Posto Gasolina;4
TX0534;23;;2023-12-16;1730.04;BOLETO;COMPLETED;Aluguel;0
TX0535;14;5.0;2023-07-02;1338.57;BOLETO;PENDING;Netflix;0
TX0536;47;;2023-11-25;1803.74;BOLETO;COMPLETED;Netflix;0
TX0537;40;4.0;14/02/2023;4869.99;PIX;PENDING;Restaurante;0
TX0538;14;;2023-10-31;107.47;BOLETO;PENDING;Netflix;0
TX0539;34;5.0;2023-11-11;4651.31;DEBIT;COMPLETED;Supermercado;0
TX0540;29;;2023-10-17;1762.77;TED;FAILED;Netflix;0
TX0541;28;1.0;2023-01-22;444.72;CREDIT;FAILED;Posto Gasolina;7
TX0542;38;3.0;2023-02-10;426.24;TED;COMPLETED;Netflix;0
TX0543;38;1.0;2023-06-17;;CREDIT;COMPLETED;Supermercado;10
TX0544;31;;2023-09-23;1106.88;BOLETO;COMPLETED;Uber;0
TX0545;42;4.0;2023-03-28;3201.54;CREDIT;FAILED;Restaurante;10
TX0546;17;4.0;2023-08-04;1462.11;BOLETO;COMPLETED;Supermercado;0
TX0547;15;3.0;2023-08-18;4104.32;TED;PENDING;Netflix;0
TX0548;30;1.0;2023-10-03;1583.36;CREDIT;PENDING;Supermercado;11
TX0549;21;;2023-05-02;4295.65;DEBIT;COMPLETED;Netflix;0
TX0550;27;5.0;2023-12-08;1202.91;TED;PENDING;Restaurante;0
TX0551;36;3.0;2023-02-15;2468.28;DEBIT;COMPLETED;Posto Gasolina;0
TX0552;27;1.0;2023-06-19;3102.34;CREDIT;FAILED;Uber;9
TX0553;25;;2023-11-27;4154,24;TED;PENDING;Amazon;0
TX0554;33;;2023-05-15;1084.78;TED;COMPLETED;Netflix;0
TX0555;29;1.0;2023-11-19;3101.38;PIX;PENDING;Netflix;0
TX0556;27;;2023-05-18;2539.91;DEBIT;PENDING;Restaurante;0
TX0557;34;5.0;2023-08-22;4751.72;CREDIT;COMPLETED;Amazon;10
TX0558;9;2.0;2023-11-01;2649.03;CREDIT;PENDING;Farmácia;11
TX0559;28;2.0;2023-01-21;;BOLETO;PENDING;Netflix;0
TX0560;23;;2023-05-27;1596.76;TED;COMPLETED;Posto Gasolina;0
TX0561;7;4.0;2023-03-02;247.18;PIX;FAILED;Netflix;0
TX0562;16;1.0;2023-09-15;2147,45;DEBIT;PENDING;Netflix;0
TX0563;16;;2023-11-23;2565.22;CREDIT;FAILED;Restaurante;7
TX0564;32;3.0;2023-12-25;1692.06;BOLETO;PENDING;Posto Gasolina;0
TX0565;19;1.0;2023-07-04;3615.26;PIX;COMPLETED;Posto Gasolina;0
TX0566;9;3.0;2023-01-12;447.48;DEBIT;COMPLETED;Uber;0
TX0567;30;1.0;2023-06-13;4390.6;BOLETO;FAILED;Farmácia;0
TX0568;23;2.0;2023-10-18;4884.46;CREDIT;FAILED;Restaurante;4
TX0569;2;2.0;2023-05-22;3896.21;PIX;FAILED;Restaurante;0
TX0570;9;2.0;2023-11-28;23,06;BOLETO;PENDING;Posto Gasolina;0
TX0571;17;3.0;2023-08-11;367.08;DEBIT;FAILED;Farmácia;0
TX0572;49;5.0;2023-02-22;2045.01;TED;PENDING;Supermercado;0
TX0573;35;5.0;2023-09-23;4467,38;BOLETO;COMPLETEDD;Farmácia;0
TX0574;3;1.0;2023-05-15;2721.06;TED;FAILED;Uber;0
TX0575;4;;2023-01-08;4401.05;BOLETO;PENDING;Uber;0
TX0576;1;;2023-07-21;893.73;TED;FAILED;Aluguel;0
TX0577;5;2.0;2023-03-24;2680.27;CREDIT;FAILED;Supermercado;7
TX0578;9;1.0;2023-01-15;4423.65;BOLETO;FAILED;Aluguel;0
TX0579;9;5.0;2023-03-07;99,22;BOLETO;FAILED;Restaurante;0
TX0580;16;;2023-04-23;74,16;TED;COMPLETED;Aluguel;2
TX0581;1;;2023-07-28;3082.58;PIX;FAILED;Uber;0
TX0582;9;2.0;2023-12-03;118.84;PIX;PENDING;Uber;2
TX0583;31;3.0;2023-12-24;1426.21;TED;FAILED;Farmácia;0
TX0584;30;1.0;2023-02-01;1277.65;CREDIT;PENDING;Amazon;12
TX0585;19;3.0;2023-04-11;2135.09;BOLETO;PENDING;Netflix;0
TX0586;49;1.0;2023-12-17;2265.86;DEBIT;FAILED;Netflix;0
TX0587;15;5.0;2023-09-08;4393.48;CREDIT;FAILED;Farmácia;8
TX0588;23;1.0;2023-09-25;4167.09;PIX;PENDING;Netflix;5
TX0589;4;2.0;2023-11-25;;CREDIT;PENDING;Supermercado;6
TX0590;28;2.0;2023-03-19;2148.05;TED;FAILED;Aluguel;0
TX0591;13;;2023-04-11;2885.56;BOLETO;COMPLETEDD;Aluguel;0
TX0592;44;3.0;2023-02-09;4845.39;TED;PENDING;Supermercado;0
TX0593;35;2.0;2023-09-28;4501.08;CREDIT;COMPLETEDD;Uber;8
TX0594;1;2.0;2023-04-14;4392,53;CREDIT;PENDING;Farmácia;12
TX0595;38;4.0;2023-08-09;4920,82;TED;FAILED;Netflix;0
TX0596;9;5.0;2023-03-02;99.9;CREDIT;FAILED;Posto Gasolina;3
TX0597;31;;2023-12-30;;PIX;COMPLETED;Posto Gasolina;0
TX0598;29;1.0;2023-12-21;576.6;TED;PENDING;Amazon;0
TX0599;31;;2023-05-07;3291.71;TED;PENDING;Uber;0
TX0600;16;2.0;2023-01-20;4390.19;TED;PENDING;Posto Gasolina;0
TX0601;29;1.0;2023-02-28;;DEBIT;COMPLETED;Netflix;0
TX0602;18;;2023-01-04;602.95;PIX;PENDING;Farmácia;0
TX0603;20;3.0;2023-10-20;3522.43;TED;FAILED;Supermercado;0
TX0604;6;;2023-07-06;2518.67;PIX;PENDING;Aluguel;0
TX0605;34;5.0;2023-10-14;1416,94;BOLETO;FAILED;Aluguel;0
TX0606;2;2.0;2023-04-09;145.48;PIX;PENDING;Supermercado;0
TX0607;1;;2023-06-18;3550.78;TED;FAILED;Farmácia;0
TX0608;15;5.0;2023-03-22;1515.61;BOLETO;PENDING;Farmácia;0
TX0609;2;4.0;2023-01-03;;PIX;PENDING;Supermercado;0
TX0610;49;1.0;2023-08-14;1788.7;TED;FAILED;Netflix;0
TX0611;7;1.0;2023-09-15;2119.33;TED;FAILED;Posto Gasolina;0
TX0612;31;1.0;2023-11-28;3427.6;PIX;PENDING;Posto Gasolina;0
TX0613;13;4.0;;2946.91;BOLETO;;Amazon;0
TX0614;26;4.0;2023-08-18;205.29;PIX;COMPLETED;Uber;0
TX0615;28;;2023-10-01;3757.56;CREDIT;PENDING;Posto Gasolina;10
TX0616;48;;2023-04-09;2367.71;PIX;COMPLETED;Supermercado;0
TX0617;4;;01-08-2023;391.93;BOLETO;COMPLETED;Aluguel;0
TX0618;24;;05/02/2023;;DEBIT;FAILED;Uber;0
TX0619;27;4.0;;3965.78;DEBIT;COMPLETED;Aluguel;0
TX0620;14;3.0;;3187.22;PIX;FAILED;Supermercado;0
TX0621;22;1.0;2023-10-29;1384,52;TED;COMPLETED;Amazon;0
TX0622;8;1.0;2023-07-09;3512,42;PIX;FAILED;Farmácia;0
TX0623;19;2.0;2023-07-21;2480.23;TED;FAILED;Aluguel;0
TX0624;15;4.0;;1053.02;DEBIT;FAILED;  Amazon  ;0
TX0625;19;2.0;2023-01-06;2720.37;DEBIT;PENDING;Posto Gasolina;0
TX0626;39;;2023-08-04;1609,38;PIX;COMPLETED;Netflix;0
TX0627;7;;2023-08-30;2103.87;CREDIT;COMPLETED;Supermercado;9
TX0628;10;3.0;2023-03-15;577.9;TED;COMPLETED;Restaurante;0
TX0629;25;2.0;2023-09-25;2430.86;PIX;COMPLETED;Posto Gasolina;0
TX0630;17;2.0;11-02-2023;1903,96;BOLETO;COMPLETED;Restaurante;0
TX0631;17;;2023-02-04;399.59;BOLETO;PENDING;Supermercado;0
TX0632;20;;2023-10-25;2152.65;TED;;Restaurante;0
TX0633;41;3.0;2023-05-10;1706.03;PIX;COMPLETED;Supermercado;0
TX0634;38;3.0;2023-10-06;3972.3;DEBIT;COMPLETED;Supermercado;2
TX0635;33;;;3800,75;TED;COMPLETED;Farmácia;0
TX0636;10;1.0;2023-12-27;4036.79;PIX;FAILED;Aluguel;0
TX0637;17;1.0;2023-08-06;3192.59;DEBIT;COMPLETED;Netflix;0
TX0638;32;1.0;2023-06-10;734.0;CREDIT;FAILED;Supermercado;11
TX0639;19;2.0;2023-03-19;61.92;TED;PENDING;  Uber  ;0
TX0640;47;4.0;2023-09-02;466,23;CREDIT;FAILED;Uber;6
TX0641;13;;2023-05-17;3746.63;CREDIT;PENDING;Uber;2
TX0642;15;2.0;2023-04-04;1314.09;PIX;PENDING;Farmácia;0
TX0643;19;1.0;2023-03-22;4456.85;CREDIT;COMPLETED;Supermercado;3
TX0644;11;;2023-12-27;763.43;TED;PENDING;Netflix;0
TX0645;50;;;919.77;DEBIT;PENDING;Farmácia;0
TX0646;44;;2023-09-13;2937,2;CREDIT;COMPLETED;Amazon;4
TX0647;39;;2023-12-23;3201.36;TED;PENDING;Posto Gasolina;0
TX0648;38;5.0;;;DEBIT;COMPLETED;Posto Gasolina;0
TX0649;27;4.0;2023-01-11;3937.01;CREDIT;COMPLETED;Amazon;6
TX0650;40;4.0;2023-12-09;4834.64;PIX;COMPLETED;Posto Gasolina;0
TX0651;50;5.0;2023-08-29;913.58;TED;PENDING;Restaurante;0
TX0652;21;;2023-03-05;3692.53;TED;FAILED;Farmácia;0
TX0653;36;5.0;2023-04-02;2931.01;DEBIT;FAILED;Uber;0
TX0654;17;;2023-09-03;4050,54;CREDIT;COMPLETED;Uber;7
TX0655;17;3.0;2023-05-28;4029.83;BOLETO;PENDING;Uber;0
TX0656;38;3.0;2023-10-20;2618.17;CREDIT;PENDING;Posto Gasolina;10
TX0657;10;1.0;2023-05-10;2196,41;CREDIT;FAILED;Restaurante;4
TX0658;29;;2023-12-30;2660.03;DEBIT;FAILED;Amazon;0
TX0659;40;4.0;12-07-2023;3008.84;DEBIT;FAILED;Aluguel;0
TX0660;34;1.0;2023-12-21;3639.78;BOLETO;COMPLETED;Netflix;0
TX0661;11;;2023-04-17;4895.9;PIX;COMPLETED;Aluguel;0
TX0662;6;3.0;2023-11-22;2109.65;CREDIT;FAILED;Posto Gasolina;4
TX0663;10;3.0;2023-11-12;3238.72;CREDIT;FAILED;Restaurante;8
TX0664;49;3.0;22-05-2023;3324.86;TED;PENDING;Netflix;5
TX0665;29;3.0;2023-08-30;4749.39;BOLETO;FAILED;Uber;0
TX0666;6;;2023-04-24;3909.41;BOLETO;FAILED;Aluguel;0
TX0667;18;1.0;2023-04-10;1447.17;DEBIT;FAILED;Farmácia;0
TX0668;15;3.0;2023-05-14;4405.86;PIX;PENDING;Restaurante;0
TX0669;45;;2023-01-07;2613.8;TED;COMPLETED;Posto Gasolina;0
TX0670;49;3.0;2023-02-22;;PIX;PENDING;Farmácia;0
TX0671;23;5.0;2023-02-16;3904,25;BOLETO;COMPLETED;Posto Gasolina;0
TX0672;33;;2023-03-08;3084.12;PIX;PENDENTE;Amazon;0
TX0673;50;;07/05/2023;3415,9;DEBIT;FAILED;Posto Gasolina;0
TX0674;33;;2023-08-05;661.49;PIX;PENDING;Supermercado;0
TX0675;26;1.0;2023-06-24;3311.73;DEBIT;FAILED;Amazon;0
TX0676;2;2.0;21-05-2023;3087.58;PIX;COMPLETED;Posto Gasolina;0
TX0677;21;;2023-04-13;1253.02;DEBIT;FAILED;Uber;0
TX0678;43;;2023-08-21;2158.32;TED;PENDING;Supermercado;0
TX0679;25;5.0;2023-04-28;3772.1;BOLETO;PENDING;Supermercado;0
TX0680;46;2.0;2023-07-01;2568.0;PIX;PENDING;Supermercado;0
TX0681;2;2.0;2023-04-26;2956.06;TED;PENDING;Netflix;0
TX0682;27;5.0;2023-07-25;2123.78;CREDIT;FAILED;Posto Gasolina;5
TX0683;35;2.0;2023-02-28;1459,72;TED;FAILED;Restaurante;0
TX0684;50;3.0;2023-11-26;1505.52;CREDIT;COMPLETED;Supermercado;9
TX0685;44;;2023-10-26;3796.44;DEBIT;PENDING;Amazon;0
TX0686;12;2.0;2023-11-23;4733.22;BOLETO;PENDING;Aluguel;0
TX0687;45;3.0;2023-12-01;4906.22;TED;FAILED;Amazon;0
TX0688;16;5.0;2023-11-22;497.67;PIX;COMPLETED;Farmácia;0
TX0689;36;1.0;2023-04-13;4153.76;DEBIT;PENDING;Aluguel;0
TX0690;9;1.0;;2235.04;PIX;PENDING;Amazon;0
TX0691;40;3.0;;3938.78;TED;PENDENTE;Supermercado;0
TX0692;6;4.0;2023-04-03;1986.49;DEBIT;FAILED;Netflix;0
TX0693;29;;2023-12-30;112,84;BOLETO;COMPLETED;Posto Gasolina;0
TX0694;37;4.0;2023-01-20;521.89;PIX;PENDING;Uber;0
TX0695;17;;2023-04-14;768,36;PIX;COMPLETED;Posto Gasolina;0
TX0696;45;1.0;2023-08-14;4703.31;TED;PENDING;Supermercado;0
TX0697;25;;2023-01-01;2906.55;DEBIT;PENDING;Supermercado;0
TX0698;19;5.0;2023-07-05;127.22;PIX;FAILED;Aluguel;0
TX0699;3;3.0;08-06-2023;1800.41;CREDIT;PENDING;Amazon;5
TX0700;42;5.0;2023-08-23;1023.25;DEBIT;COMPLETEDD;Supermercado;0
TX0701;46;1.0;2023-09-01;2349.05;PIX;FAILED;Netflix;0
TX0702;35;;2023-12-16;4787.11;CREDIT;FAILED;Supermercado;10
TX0703;41;;2023-10-23;566.58;BOLETO;PENDING;Supermercado;0
TX0704;26;;2023-09-06;959.06;BOLETO;PENDING;Supermercado;0
TX0705;5;;2023-01-26;3771.92;TED;COMPLETED;Farmácia;0
TX0706;12;;2023-05-25;4668,64;DEBIT;FAILED;Amazon;0
TX0707;33;;2023-04-29;;BOLETO;FAILED;Posto Gasolina;0
TX0708;30;1.0;2023-01-19;1825.39;PIX;PENDING;Amazon;0
TX0709;27;5.0;;1590.86;BOLETO;PENDING;Aluguel;0
TX0710;40;;04-05-2023;474.44;DEBIT;PENDING;Farmácia;0
TX0711;21;;2023-04-25;2537.28;PIX;;Amazon;0
TX0712;47;3.0;2023-08-09;2961.13;DEBIT;FAILED;Farmácia;0
TX0713;32;;2023-06-04;2067.47;BOLETO;FAILED;Netflix;0
TX0714;17;2.0;2023-07-07;2557.37;PIX;PENDING;Posto Gasolina;4
TX0715;25;3.0;2023-10-27;339.64;CREDIT;COMPLETED;Farmácia;4
TX0716;47;2.0;2023-11-07;1536.19;PIX;COMPLETED;Restaurante;0
TX0717;48;5.0;2023-10-26;1977.01;DEBIT;PENDING;Posto Gasolina;0
TX0718;15;5.0;2023-10-10;2955,75;CREDIT;COMPLETED;Restaurante;4
TX0719;3;;2023-02-27;1567.29;BOLETO;COMPLETED;Farmácia;0
TX0720;44;;2023-11-30;1601.28;PIX;FAILED;Supermercado;0
TX0721;50;;2023-11-22;;PIX;FAILED;Amazon;0
TX0722;38;;2023-04-12;1243.98;DEBIT;COMPLETED;Farmácia;0
TX0723;15;4.0;2023-11-08;2441.15;PIX;FAILED;Farmácia;0
TX0724;48;5.0;2023-05-25;4504.87;TED;PENDING;Aluguel;0
TX0725;19;;2023-07-25;4962.28;DEBIT;PENDING;Netflix;0
TX0726;21;;2023-10-21;743.74;PIX;FAILED;Farmácia;0
TX0727;27;4.0;24/04/2023;1332,12;TED;FAILED;Amazon;0
TX0728;3;2.0;2023-12-08;;PIX;FAILED;Uber;0
TX0729;48;;2023-09-09;3005.27;CREDIT;COMPLETED;Restaurante;11
TX0730;25;4.0;2023-06-14;3741.5;DEBIT;COMPLETED;Restaurante;0
TX0731;42;2.0;10-04-2023;2922.71;DEBIT;COMPLETED;Netflix;0
TX0732;24;;2023-12-17;1734.31;PIX;FAILED;Aluguel;0
TX0733;16;;2023-05-28;3065.5;CREDIT;COMPLETED;Posto Gasolina;2
TX0734;37;2.0;2023-11-24;3120.46;DEBIT;COMPLETED;Aluguel;0
TX0735;48;5.0;2023-06-06;2610.0;PIX;FAILED;Restaurante;0
TX0736;15;3.0;2023-11-08;2194.92;BOLETO;FAILED;Farmácia;0
TX0737;25;3.0;2023-06-03;2716.06;TED;COMPLETED;Uber;0
TX0738;49;;2023-02-13;1173.97;TED;PENDING;Netflix;0
TX0739;34;;2023-01-11;4493.74;PIX;FAILED;Restaurante;2
TX0740;5;4.0;2023-10-01;3808.67;CREDIT;FAILED;Netflix;7
TX0741;8;3.0;2023-07-18;3769.17;BOLETO;COMPLETED;Posto Gasolina;0
TX0742;23;2.0;2023-05-10;3788.04;CREDIT;FAILED;Posto Gasolina;10
TX0743;48;2.0;2023-12-24;3386.53;PIX;PENDING;Farmácia;0
TX0744;29;;2023-08-27;3254,82;DEBIT;FAILED;Aluguel;0
TX0745;35;;2023-07-19;3295,5;CREDIT;PENDING;Aluguel;7
TX0746;49;1.0;2023-12-17;1147.28;CREDIT;FAILED;Farmácia;7
TX0747;31;2.0;2023-09-20;2068.74;BOLETO;COMPLETED;Restaurante;0
TX0748;44;2.0;2023-05-16;4142.0;DEBIT;COMPLETED;Farmácia;0
TX0749;15;2.0;2023-08-31;17.33;BOLETO;PENDING;Restaurante;0
TX0750;22;5.0;2023-04-25;1422.04;BOLETO;COMPLETED;Netflix;0
TX0751;12;3.0;2023-03-13;2963.99;DEBIT;PENDING;Restaurante;0
TX0752;48;1.0;2023-03-31;2656.08;CREDIT;PENDING;Uber;12
TX0753;50;5.0;2023-10-26;4754.83;BOLETO;FAILED;Farmácia;0
TX0754;48;3.0;2023-06-04;2024.33;BOLETO;PENDING;Farmácia;0
TX0755;33;5.0;2023-10-29;3600.35;TED;PENDING;Aluguel;4
TX0756;25;3.0;2023-03-05;2011.36;TED;FAILED;Supermercado;0
TX0757;10;;2023-03-14;2452.05;BOLETO;PENDING;Posto Gasolina;0
TX0758;24;5.0;2023-02-08;1178.42;BOLETO;COMPLETEDD;Amazon;0
TX0759;12;5.0;2023-01-05;4889.54;DEBIT;PENDING;Amazon;0
TX0760;11;;2023-02-10;685.95;CREDIT;COMPLETED;Netflix;9
TX0761;15;;2023-03-08;2592.58;BOLETO;PENDING;Farmácia;0
TX0762;2;5.0;2023-06-01;;CREDIT;COMPLETED;Netflix;1
TX0763;6;;;2447.79;BOLETO;FAILED;Aluguel;0
TX0764;40;;2023-01-25;511.54;DEBIT;FAILED;Farmácia;0
TX0765;14;3.0;2023-03-20;2198.49;BOLETO;PENDING;Uber;0
TX0766;22;;2023-08-27;;BOLETO;PENDING;Farmácia;0
TX0767;2;4.0;2023-08-31;4601,34;PIX;PENDING;Supermercado;0
TX0768;23;;2023-11-08;3663.14;BOLETO;FAILED;Aluguel;0
TX0769;3;1.0;2023-09-01;4648.93;BOLETO;COMPLETED;Uber;0
TX0770;42;1.0;2023-11-30;887.51;DEBIT;PENDING;Netflix;0
TX0771;29;4.0;2023-03-11;306,68;BOLETO;PENDING;Aluguel;0
TX0772;42;5.0;2023-01-04;212,3;PIX;PENDING;Uber;0
TX0773;48;4.0;2023-12-26;1785,39;CREDIT;PENDING;Supermercado;9
TX0774;19;1.0;2023-12-22;1766.18;TED;FAILED;  Posto Gasolina  ;5
TX0775;26;;2023-03-24;1007.73;BOLETO;PENDING;Restaurante;0
TX0776;23;3.0;2023-08-30;;PIX;COMPLETED;Aluguel;0
TX0777;10;;28-08-2023;3620,57;TED;COMPLETED;Amazon;0
TX0778;26;3.0;2023-01-13;851.2;CREDIT;FAILED;Uber;9
TX0779;26;3.0;2023-11-26;2639.47;CREDIT;COMPLETED;Aluguel;1
TX0780;21;2.0;2023-03-20;;PIX;COMPLETED;Farmácia;0
TX0781;25;;2023-03-06;481.27;BOLETO;COMPLETED;Netflix;0
TX0782;38;2.0;2023-12-17;;PIX;PENDING;Farmácia;2
TX0783;11;1.0;2023-03-12;26.2;CREDIT;COMPLETED;Supermercado;1
TX0784;26;2.0;2023-04-10;2060,51;BOLETO;COMPLETED;Aluguel;0
TX0785;23;1.0;2023-03-26;2250,15;TED;FAILED;Posto Gasolina;0
TX0786;11;2.0;2023-02-14;3489.94;PIX;COMPLETED;Netflix;0
TX0787;39;;2023-07-19;1442.29;TED;FAILED;Uber;5
TX0788;39;3.0;2023-05-09;3158.78;CREDIT;COMPLETED;Supermercado;9
TX0789;10;2.0;2023-06-24;2491.33;BOLETO;PENDING;Uber;1
TX0790;14;;21/11/2023;1181.07;BOLETO;PENDING;Supermercado;0
TX0791;15;3.0;2023-06-13;18.41;PIX;FAILED;Aluguel;0
TX0792;15;;2023-03-30;4686.61;TED;COMPLETED;Netflix;0
TX0793;48;2.0;2023-10-05;3035.49;DEBIT;PENDING;Farmácia;0
TX0794;6;;2023-05-06;2152.66;TED;PENDING;Uber;0
TX0795;8;4.0;2023-01-08;35.79;PIX;PENDING;Aluguel;0
TX0796;13;2.0;2023-12-26;4774.68;BOLETO;PENDING;Uber;0
TX0797;37;;16/03/2023;4211.64;DEBIT;PENDING;Amazon;0
TX0798;19;1.0;2023-02-11;1897.07;PIX;PENDING;Restaurante;0
TX0799;33;;;3530.71;PIX;PENDING;Supermercado;0
TX0800;35;2.0;2023-04-02;2827.11;BOLETO;PENDING;Uber;0
TX0801;5;5.0;2023-05-03;3632,61;BOLETO;FAILED;Restaurante;0
TX0802;40;;2023-02-21;;CREDIT;COMPLETED;Restaurante;1
TX0803;13;;2023-06-04;4621.91;CREDIT;COMPLETED;Uber;10
TX0804;34;3.0;2023-01-20;2487.86;CREDIT;COMPLETED;Amazon;9
TX0805;17;;2023-01-12;1209.73;DEBIT;PENDING;Supermercado;0
TX0806;41;1.0;2023-10-11;2918.42;TED;PENDING;Aluguel;0
TX0807;3;;;4781.25;BOLETO;PENDING;Posto Gasolina;0
TX0808;50;;2023-09-30;608.22;DEBIT;COMPLETEDD;Aluguel;0
TX0809;29;1.0;2023-01-27;4307,04;TED;COMPLETED;Aluguel;0
TX0810;32;;2023-10-25;393,96;DEBIT;COMPLETED;Amazon;0
TX0811;3;4.0;2023-08-23;436.4;TED;COMPLETED;Posto Gasolina;0
TX0812;50;4.0;2023-05-29;3208.22;PIX;FAILED;Restaurante;0
TX0813;39;;2023-04-06;552,74;BOLETO;;Supermercado;0
TX0814;15;5.0;;3239.23;PIX;PENDING;Posto Gasolina;0
TX0815;21;2.0;;2949.75;DEBIT;PENDING;Uber;0
TX0816;23;;28-03-2023;697.32;DEBIT;;Netflix;0
TX0817;45;;2023-02-25;3394.6;BOLETO;PENDING;  Posto Gasolina  ;0
TX0818;14;5.0;2023-03-21;2998.92;BOLETO;COMPLETED;Aluguel;0
TX0819;39;1.0;2023-08-02;4910.4;BOLETO;PENDING;Uber;0
TX0820;46;3.0;2023-12-14;4483.14;BOLETO;COMPLETED;Posto Gasolina;0
TX0821;41;3.0;2023-08-10;3216.66;CREDIT;FAILED;Amazon;11
TX0822;20;5.0;2023-04-18;1215.05;BOLETO;PENDING;Netflix;0
TX0823;42;4.0;2024-01-01;4946.12;DEBIT;COMPLETED;Amazon;0
TX0824;13;;2023-11-16;2543,92;TED;;Posto Gasolina;0
TX0825;49;1.0;2023-10-14;2995.79;DEBIT;PENDING;Uber;0
TX0826;2;1.0;2023-06-21;3167.35;BOLETO;FAILED;Aluguel;0
TX0827;33;4.0;2023-01-26;2949.19;TED;FAILED;Netflix;0
TX0828;27;;2023-06-30;2192.56;TED;FAILED;Netflix;0
TX0829;2;2.0;2023-03-24;4971.69;BOLETO;COMPLETED;Supermercado;0
TX0830;20;3.0;2023-04-28;2169.85;CREDIT;COMPLETED;Uber;12
TX0831;8;5.0;;1390.89;BOLETO;FAILED;Aluguel;0
TX0832;34;2.0;31-05-2023;4795.65;BOLETO;FAILED;Posto Gasolina;0
TX0833;25;5.0;2023-11-24;667.05;DEBIT;PENDING;Restaurante;4
TX0834;25;5.0;2023-09-09;4095.11;PIX;COMPLETED;Supermercado;0
TX0835;25;;2023-07-13;3964.53;PIX;COMPLETED;Amazon;0
TX0836;28;4.0;2023-07-28;145.25;BOLETO;PENDING;Posto Gasolina;0
TX0837;7;5.0;2023-09-11;1418.79;DEBIT;PENDING;Uber;0
TX0838;18;3.0;2023-03-02;712,64;BOLETO;PENDING;Posto Gasolina;0
TX0839;21;2.0;2023-05-21;4978.44;PIX;COMPLETED;Posto Gasolina;0
TX0840;23;3.0;2023-11-28;1619.35;CREDIT;PENDING;Posto Gasolina;11
TX0841;44;4.0;2023-11-15;3805.87;CREDIT;FAILED;Uber;5
TX0842;16;3.0;;2309.25;DEBIT;PENDING;Farmácia;0
TX0843;39;;2023-05-03;4499.42;BOLETO;COMPLETED;Aluguel;0
TX0844;27;1.0;2023-04-11;234.85;CREDIT;PENDING;Farmácia;5
TX0845;17;;2023-01-15;;BOLETO;FAILED;Supermercado;0
TX0846;8;3.0;2023-03-16;3752.69;DEBIT;COMPLETED;  Supermercado  ;0
TX0847;16;4.0;2023-06-23;1965.0;BOLETO;PENDING;Amazon;0
TX0848;22;4.0;;3647.31;TED;PENDING;Netflix;0
TX0849;28;2.0;2023-03-01;352.77;CREDIT;FAILED;Aluguel;9
TX0850;1;3.0;2023-05-20;3021.13;CREDIT;PENDING;Restaurante;7
TX0851;45;;2023-04-28;3126.98;TED;COMPLETED;Amazon;0
TX0852;33;2.0;2023-09-02;987.07;BOLETO;FAILED;Posto Gasolina;0
TX0853;29;;2023-07-12;3576.33;PIX;PENDING;Uber;0
TX0854;5;5.0;2023-05-18;4423.01;CREDIT;FAILED;Uber;1
TX0855;14;;2023-12-01;1112.14;TED;FAILED;Uber;0
TX0856;48;3.0;2023-03-28;1853.1;PIX;COMPLETED;Restaurante;0
TX0857;8;2.0;2023-04-21;1218.78;PIX;PENDING;Supermercado;0
TX0858;24;4.0;2023-11-18;135.24;DEBIT;FAILED;Supermercado;0
TX0859;38;3.0;2023-09-02;387.68;CREDIT;FAILED;Posto Gasolina;11
TX0860;8;;2023-03-23;3677.23;BOLETO;COMPLETED;Netflix;2
TX0861;36;5.0;2023-08-30;905.21;DEBIT;COMPLETED;Supermercado;0
TX0862;43;2.0;2023-07-04;1201.03;TED;FAILED;Supermercado;0
TX0863;32;2.0;2023-09-05;4647.89;PIX;COMPLETED;Uber;0
TX0864;44;;2023-10-03;799.84;BOLETO;FAILED;Aluguel;0
TX0865;25;4.0;2023-03-07;3727.5;TED;FAILED;Posto Gasolina;0
TX0866;18;4.0;2023-08-29;204.02;PIX;PENDING;Restaurante;0
TX0867;33;4.0;2023-12-24;1452.57;DEBIT;COMPLETED;Farmácia;0
TX0868;25;5.0;2023-12-21;890,19;DEBIT;PENDENTE;Restaurante;0
TX0869;18;2.0;2023-12-26;690.68;DEBIT;COMPLETED;Restaurante;0
TX0870;36;3.0;08/01/2023;2843.43;TED;COMPLETED;Farmácia;1
TX0871;14;5.0;2023-07-14;1917.87;BOLETO;PENDING;Supermercado;0
TX0872;6;2.0;2023-11-17;4523.83;TED;COMPLETED;Aluguel;3
TX0873;35;;2023-12-22;4849.91;DEBIT;FAILED;Aluguel;0
TX0874;47;;2023-09-06;1270.18;BOLETO;FAILED;Uber;0
TX0875;8;2.0;01/12/2023;3870.74;TED;PENDING;Uber;0
TX0876;24;4.0;2023-03-29;1489.12;PIX;FAILED;Uber;0
TX0877;25;3.0;2023-08-29;572.86;DEBIT;;Supermercado;0
TX0878;13;4.0;2023-06-14;2301.6;TED;COMPLETED;Uber;0
TX0879;12;5.0;2023-01-08;290.96;TED;FAILED;Netflix;0
TX0880;29;4.0;2023-12-07;2050.72;PIX;PENDING;Farmácia;0
TX0881;5;;2023-08-31;3865.81;CREDIT;PENDING;Aluguel;5
TX0882;36;;2023-06-19;1859.22;PIX;COMPLETED;Amazon;0
TX0883;13;;2023-02-13;4517.1;PIX;COMPLETED;Farmácia;0
TX0884;30;1.0;18/04/2023;2935,45;CREDIT;FAILED;Netflix;3
TX0885;17;4.0;2023-01-23;2293.93;TED;COMPLETED;Restaurante;0
TX0886;17;5.0;2023-12-07;319,25;TED;FAILED;Farmácia;0
TX0887;30;;2023-12-23;3384.48;CREDIT;COMPLETEDD;Farmácia;2
TX0888;30;;2023-05-17;3775.34;TED;COMPLETED;Posto Gasolina;0
TX0889;47;1.0;2023-09-22;4166.93;BOLETO;PENDING;Restaurante;0
TX0890;26;;2023-04-19;206,65;CREDIT;COMPLETED;Aluguel;3
TX0891;9;5.0;2023-09-04;1367.99;TED;COMPLETED;Netflix;0
TX0892;47;4.0;2023-01-18;15.46;PIX;PENDING;Supermercado;0
TX0893;7;;2023-11-20;572.58;TED;COMPLETED;Aluguel;3
TX0894;35;3.0;23/10/2023;2041,8;DEBIT;PENDING;Farmácia;0
TX0895;26;5.0;2023-04-18;3858.46;DEBIT;PENDING;Aluguel;0
TX0896;21;2.0;2023-09-11;3662.64;PIX;FAILED;Posto Gasolina;0
TX0897;3;5.0;2023-05-24;255.81;PIX;PENDING;Farmácia;0
TX0898;17;;2023-08-01;2360,84;BOLETO;FAILED;Amazon;0
TX0899;5;2.0;2023-08-11;2796,68;DEBIT;PENDING;Amazon;0
TX0900;36;2.0;2023-08-01;2275.97;BOLETO;FAILED;Amazon;0
TX0901;22;5.0;2023-01-17;4365.29;TED;PENDING;Farmácia;0
TX0902;7;1.0;2023-04-24;1852,32;TED;FAILED;Aluguel;0
TX0903;41;2.0;2023-11-17;1436.32;CREDIT;COMPLETED;Aluguel;6
TX0904;49;5.0;2023-06-17;4587.16;BOLETO;PENDING;Amazon;0
TX0905;9;4.0;2023-07-03;1370.94;CREDIT;FAILED;Restaurante;7
TX0906;27;;2023-12-01;1799.1;BOLETO;FAILED;Netflix;0
TX0907;18;;2023-10-05;4525.52;BOLETO;FAILED;Farmácia;0
TX0908;41;4.0;15/01/2023;1940.58;CREDIT;FAILED;Supermercado;6
TX0909;39;;2023-08-11;1098.2;CREDIT;FAILED;Restaurante;9
TX0910;46;2.0;04/01/2023;3360.41;DEBIT;FAILED;Restaurante;0
TX0911;1;5.0;2023-12-21;2367.84;DEBIT;PENDING;Netflix;0
TX0912;32;;2023-01-20;629.23;DEBIT;COMPLETED;Amazon;0
TX0913;18;1.0;2023-02-16;4352.15;BOLETO;PENDING;Restaurante;0
TX0914;19;;2023-03-05;3287.11;PIX;FAILED;Posto Gasolina;0
TX0915;50;1.0;2023-04-17;4415.4;BOLETO;FAILED;Uber;0
TX0916;31;1.0;2023-02-13;1776.57;TED;PENDING;Posto Gasolina;0
TX0917;5;4.0;2023-03-18;1391.37;CREDIT;COMPLETED;Supermercado;7
TX0918;16;;;109.6;BOLETO;PENDING;Netflix;0
TX0919;15;;2023-06-26;1029.81;BOLETO;COMPLETED;Uber;0
TX0920;19;1.0;07/06/2023;;DEBIT;COMPLETED;Netflix;0
TX0921;4;1.0;01/04/2023;4900.52;CREDIT;PENDING;Aluguel;2
TX0922;48;;2023-10-05;403.18;PIX;FAILED;Netflix;1
TX0923;48;2.0;2023-06-29;2790.76;DEBIT;PENDING;Uber;0
TX0924;21;2.0;2023-06-17;1811.96;TED;PENDING;Netflix;0
TX0925;21;5.0;2023-04-04;;BOLETO;FAILED;Farmácia;0
TX0926;4;5.0;2023-05-10;4698,88;BOLETO;COMPLETED;Farmácia;0
TX0927;37;;2023-05-08;4087.39;DEBIT;FAILED;Netflix;0
TX0928;41;3.0;2023-02-23;4763.19;DEBIT;PENDING;Farmácia;0
TX0929;1;;2023-12-01;998.31;BOLETO;PENDING;Uber;2
TX0930;5;2.0;2023-03-08;557.89;BOLETO;COMPLETED;Farmácia;0
TX0931;43;2.0;2023-05-01;588,33;TED;PENDING;Supermercado;0
TX0932;20;3.0;2023-10-13;3489.5;TED;FAILED;Restaurante;0
TX0933;34;5.0;20/03/2023;1607.13;CREDIT;FAILED;Posto Gasolina;7
TX0934;19;1.0;2023-01-16;3974.27;PIX;PENDING;Netflix;0
TX0935;13;5.0;2023-02-05;247.28;BOLETO;FAILED;Aluguel;0
TX0936;10;;2023-06-18;2602.8;BOLETO;PENDING;Supermercado;0
TX0937;9;;2023-12-18;2504.51;TED;PENDING;Aluguel;0
TX0938;21;5.0;2023-12-31;1266.64;PIX;FAILED;Restaurante;0
TX0939;45;3.0;;903.36;CREDIT;PENDING;Uber;7
TX0940;36;3.0;2023-02-27;2502.29;BOLETO;COMPLETED;Aluguel;0
TX0941;9;5.0;2023-01-08;1177.23;BOLETO;COMPLETED;Amazon;0
TX0942;35;5.0;2023-01-09;1588.58;CREDIT;PENDING;Netflix;0
TX0943;22;5.0;2023-02-13;;DEBIT;FAILED;Restaurante;0
TX0944;17;1.0;2023-05-09;2075.27;PIX;PENDING;Posto Gasolina;0
TX0945;5;;2023-11-13;2055.5;BOLETO;PENDING;Farmácia;3
TX0946;12;;2023-04-20;4081.0;BOLETO;FAILED;Aluguel;0
TX0947;27;1.0;2023-04-04;1893.65;BOLETO;COMPLETED;Restaurante;0
TX0948;12;5.0;2023-03-05;1938.6;CREDIT;COMPLETED;Amazon;10
TX0949;47;1.0;2023-11-06;2693.53;CREDIT;FAILED;Amazon;4
TX0950;33;4.0;2023-05-29;634.31;CREDIT;COMPLETED;Netflix;6
TX0951;41;3.0;2023-03-31;;DEBIT;FAILED;Amazon;0
TX0952;20;1.0;2023-05-13;4941.76;TED;PENDING;Farmácia;0
TX0953;8;4.0;2023-03-11;2440,91;PIX;FAILED;Supermercado;0
TX0954;45;;2023-10-30;1321,65;PIX;FAILED;Restaurante;0
TX0955;13;;2023-09-17;4765.36;CREDIT;FAILED;Supermercado;8
TX0956;2;;2023-02-14;4994.22;TED;COMPLETED;Amazon;0
TX0957;49;5.0;2023-04-29;3306.65;TED;COMPLETED;Restaurante;0
TX0958;6;2.0;2023-05-09;4689.15;TED;PENDING;Uber;0
TX0959;39;4.0;2023-08-24;2191.15;PIX;FAILED;Amazon;3
TX0960;2;;2023-10-25;4459.19;DEBIT;PENDING;Farmácia;0
TX0961;3;5.0;2023-10-27;4853.96;BOLETO;FAILED;Netflix;0
TX0962;19;;2023-10-01;3831.02;PIX;COMPLETED;Farmácia;0
TX0963;18;5.0;2023-12-21;159.98;TED;COMPLETED;Aluguel;0
TX0964;41;5.0;2023-12-29;4591.06;DEBIT;COMPLETED;Amazon;0
TX0965;37;5.0;2023-06-11;2881.17;BOLETO;PENDING;Netflix;0
TX0966;6;4.0;2023-09-13;4652.95;CREDIT;;Supermercado;3
TX0967;11;;2023-05-23;3290.92;PIX;COMPLETED;Uber;0
TX0968;26;;2023-05-26;3993.16;CREDIT;PENDING;Uber;7
TX0969;11;5.0;2023-05-17;1168.4;TED;FAILED;Aluguel;0
TX0970;6;3.0;2023-02-18;3555.02;DEBIT;COMPLETED;Uber;0
TX0971;2;5.0;2023-03-09;1732.12;BOLETO;COMPLETEDD;Aluguel;0
TX0972;13;;2023-04-14;4260.78;PIX;PENDING;Netflix;0
TX0973;11;2.0;2023-05-13;2289.96;DEBIT;PENDING;Farmácia;0
TX0974;2;5.0;2023-03-13;2244,91;CREDIT;COMPLETED;Restaurante;1
TX0975;37;;2023-12-12;4244,09;TED;FAILED;Amazon;0
TX0976;39;;30-04-2023;950.27;TED;COMPLETED;Restaurante;0
TX0977;30;5.0;2023-11-24;1321.13;PIX;PENDING;Posto Gasolina;0
TX0978;47;4.0;2023-07-16;4126,76;TED;PENDING;Amazon;0
TX0979;5;2.0;2023-05-26;1570.71;BOLETO;FAILED;Supermercado;0
TX0980;39;4.0;2023-07-22;4007,0;TED;;Restaurante;1
TX0981;21;4.0;2023-05-24;4095.97;TED;PENDING;Supermercado;0
TX0982;21;1.0;2023-08-30;185,6;PIX;FAILED;Supermercado;0
TX0983;5;;2023-03-11;3297.27;BOLETO;PENDING;Farmácia;0
TX0984;49;2.0;2023-06-29;;BOLETO;FAILED;Posto Gasolina;0
TX0985;8;;2023-10-30;4308.23;BOLETO;FAILED;Netflix;1
TX0986;48;;2023-04-28;3969.13;TED;FAILED;Posto Gasolina;0
TX0987;21;;2023-03-12;;PIX;COMPLETED;Restaurante;0
TX0988;26;4.0;12/04/2023;1060.94;TED;FAILED;Posto Gasolina;0
TX0989;7;5.0;2023-05-12;1503,78;TED;FAILED;Uber;0
TX0990;41;4.0;2023-10-12;3434.1;TED;FAILED;Netflix;0
TX0991;24;;2023-06-18;;BOLETO;PENDING;Posto Gasolina;0
TX0992;37;5.0;2023-06-18;3245.02;CREDIT;COMPLETED;Supermercado;3
TX0993;9;;2023-12-08;778.56;TED;FAILED;Aluguel;0
TX0994;8;3.0;2023-11-20;4627.46;PIX;FAILED;Farmácia;0
TX0995;37;3.0;2023-05-29;1127.68;BOLETO;COMPLETED;Amazon;0
TX0996;20;;2023-01-22;4758.42;BOLETO;FAILED;Farmácia;0
TX0997;42;5.0;2023-06-16;4878.1;BOLETO;PENDING;Posto Gasolina;0
TX0998;17;;2023-10-08;;PIX;PENDING;Netflix;0
TX0999;20;1.0;2023-12-17;4468.9;DEBIT;COMPLETED;Uber;0
TX1000;36;4.0;;403,26;PIX;COMPLETED;Supermercado;0
TX1001;9;2.0;2023-11-01;2649.03;CREDIT;PENDING;Farmácia;11
TX1002;21;;2023-11-26;1553.19;CREDIT;COMPLETED;Farmácia;1
TX1003;22;1.0;2023-02-01;2929.89;CREDIT;PENDING;Supermercado;6
TX1004;24;;2023-06-18;;BOLETO;PENDING;Posto Gasolina;0
TX1005;26;3.0;2023-11-26;2639.47;CREDIT;COMPLETED;Aluguel;1
TX1006;1;;2023-12-01;998.31;BOLETO;PENDING;Uber;2
TX1007;29;2.0;2023-05-09;1563.29;CREDIT;COMPLETED;Uber;12
TX1008;23;1.0;2023-09-25;4167.09;PIX;PENDING;Netflix;5
TX1009;32;;2023-06-04;2067.47;BOLETO;FAILED;Netflix;0
TX1010;36;2.0;2023-08-21;1536.04;TED;;Farmácia;0
TX1011;19;5.0;2023-12-13;296.02;BOLETO;FAILED;Amazon;0
TX1012;31;1.0;2023-02-13;1776.57;TED;PENDING;Posto Gasolina;0
TX1013;39;;2023-04-06;552,74;BOLETO;;Supermercado;0
TX1014;17;;2023-04-14;768,36;PIX;COMPLETED;Posto Gasolina;0
TX1015;16;2.0;2023-09-08;923.74;CREDIT;PENDING;Posto Gasolina;10
TX1016;5;2.0;2023-01-07;3470.31;PIX;FAILED;Netflix;0
TX1017;7;;2023-12-06;1694,92;DEBIT;FAILED;Netflix;0
TX1018;46;;2023-12-05;1845,66;TED;PENDING;Uber;0
TX1019;13;4.0;2023-06-14;2301.6;TED;COMPLETED;Uber;0
TX1020;27;5.0;2023-12-08;1202.91;TED;PENDING;Restaurante;0
TX1021;20;5.0;2023-10-07;4504.83;PIX;PENDING;Aluguel;0
TX1022;46;1.0;2023-09-23;4542.82;BOLETO;COMPLETED;Restaurante;0
TX1023;43;2.0;2023-07-03;2395.45;CREDIT;FAILED;Supermercado;2
TX1024;14;1.0;2023-05-29;842.04;BOLETO;PENDING;Netflix;0
TX1025;17;1.0;2023-08-06;3192.59;DEBIT;COMPLETED;Netflix;0
TX1026;40;4.0;2023-12-09;4834.64;PIX;COMPLETED;Posto Gasolina;0
TX1027;29;3.0;2023-02-26;1758.41;BOLETO;FAILED;Posto Gasolina;0
TX1028;29;;2023-08-27;3254,82;DEBIT;FAILED;Aluguel;0
TX1029;10;4.0;2023-08-30;;PIX;COMPLETED;Supermercado;0
TX1030;48;3.0;2023-10-04;4895.39;PIX;FAILED;Restaurante;0
TX1031;34;1.0;2023-12-18;3352.44;CREDIT;FAILED;  Netflix  ;11
TX1032;9;4.0;;4610.37;BOLETO;FAILED;Farmácia;0
TX1033;22;2.0;2023-02-16;1167.31;DEBIT;FAILED;Farmácia;5
TX1034;38;3.0;2023-02-10;426.24;TED;COMPLETED;Netflix;0
TX1035;6;;2023-07-06;2518.67;PIX;PENDING;Aluguel;0
TX1036;18;5.0;2023-01-10;3048.58;CREDIT;COMPLETED;Posto Gasolina;7
TX1037;29;1.0;2023-02-28;;DEBIT;COMPLETED;Netflix;0
TX1038;26;;2023-04-19;206,65;CREDIT;COMPLETED;Aluguel;3
TX1039;31;1.0;2023-05-20;;PIX;FAILED;Aluguel;0
TX1040;18;4.0;2023-08-29;204.02;PIX;PENDING;Restaurante;0
TX1041;19;2.0;;3865.53;PIX;COMPLETED;Restaurante;0
TX1042;28;2.0;2023-01-21;;BOLETO;PENDING;Netflix;0
TX1043;27;5.0;;1590.86;BOLETO;PENDING;Aluguel;0
TX1044;48;1.0;2023-03-31;2656.08;CREDIT;PENDING;Uber;12
TX1045;1;;2023-04-05;3333.86;TED;PENDING;Netflix;0
TX1046;13;2.0;2023-12-26;4774.68;BOLETO;PENDING;Uber;0
TX1047;39;;2023-08-04;1609,38;PIX;COMPLETED;Netflix;0
TX1048;22;;2023-07-25;1252.42;PIX;PENDING;Restaurante;0
TX1049;20;1.0;;2155.32;BOLETO;PENDING;Restaurante;0
TX1050;5;2.0;2023-03-08;557.89;BOLETO;COMPLETED;Farmácia;0
